{
  "min": [
    0.0,
    0.0,
    4.0,
    0.0,
    0.0,
    0.006666017230600119
  ],
  "max": [
    12.0,
    10.0,
    15.0,
    5.0,
    2.0,
    0.023742733523249626
  ],
  "scale": [
    0.0833333358168602,
    0.10000000149011612,
    0.09090909361839294,
    0.20000000298023224,
    0.5,
    58.559268951416016
  ]
}