{
  "min": [
    -3.9092607498168945,
    -2.902238368988037,
    -0.00020833208691328764,
    -1.8547275066375732,
    -0.3514997661113739,
    -0.0008759919437579811
  ],
  "max": [
    5.5638275146484375,
    4.189629554748535,
    0.024619566276669502,
    2.822014331817627,
    0.4691186249256134,
    0.0008254220592789352
  ],
  "scale": [
    0.10556219518184662,
    0.14100657403469086,
    40.27727127075195,
    0.2138240933418274,
    1.2185932397842407,
    587.7463989257812
  ]
}