{
  "num_training_samples": 300,
  "num_training_sequences": 291,
  "sequence_length": 10,
  "num_features": 6,
  "epochs": 50,
  "threshold": 0.060544084012508395,
  "threshold_method": "statistical",
  "threshold_k": 3.0,
  "threshold_percentile": null,
  "mean_training_error": 0.023330075666308403,
  "std_training_error": 0.008348781615495682,
  "max_training_error": 0.05504007637500763
}